IDFANGRAPHS,FANTRAXID,FANTRAXNAME
22343,0429o,A.J. Alexy
18655,03ppa,A.J. Minter
19343,03yso,A.J. Puk
23550,04ew7,Aaron Ashby
16258,03drc,Aaron Bummer
19479,041qr,Aaron Civale
5297,01cgr,Aaron Hicks
15640,02z0s,Aaron Judge
10343,02han,Aaron Loup
16149,02i3o,Aaron Nola
11490,0241y,Aaron Sanchez
25524,0511w,Aaron Schunk
sa3017665,05toy,Aaron Zavala
sa3016926,05uv5,Abimelec Ortiz
25327,05nso,Abner Uribe
5486,037u4,Abraham Almonte
19844,041se,Abraham Toro
27962,04ysv,Adael Amador
13769,02i3g,Adalberto Mondesi
15288,03178,Adam Cimber
10950,027ow,Adam Duvall
15082,031fh,Adam Engel
15223,0316t,Adam Frazier
19878,04cdd,Adam Haseley
10843,02hky,Adam Kolarek
sa3020883,05xu6,Adam Maier
31900,060gg,Adam Mazur
20132,0422w,Adam Oller
1247,01sgi,Adam Ottavino
15846,02hi4,Adam Plutko
2233,000wm,Adam Wainwright
17859,03aqz,Adbert Alzolay
24598,04qii,Addison Barger
14106,02mv2,Addison Russell
26288,04q2n,Adley Rutschman
sa3023709,06hyt,Adolfo Sanchez
19287,04aq4,Adolis Garcia
19903,03rrh,Adonis Medina
29554,05jn0,Adrian Del Castillo
12718,02brc,Adrian Houser
21023,05u3c,Adrian Martinez
20039,043ia,Adrian Morejon
13339,02c2m,Adrian Sampson
sa3009276,04z6m,Agustin Ramirez
sa3015334,06b49,Aidan Curry
sa3022609,05u36,Aidan Miller
sa3022611,06dq9,Aidan Smith
sa3007243,04pyu,AJ Politi
9256,01s8p,AJ Pollock
29960,05uy5,AJ Smith-Shawver
22168,041qi,Akil Baddoo
31564,061yt,Alan Roden
20056,04eoq,Alan Trejo
17485,03xy4,Albert Abreu
14109,02i2o,Albert Almora Jr.
1177,000d4,Albert Pujols
6175,02xid,Albert Suarez
6310,013ub,Alcides Escobar
21618,04mn5,Alec Bohm
27615,05jr0,Alec Burleson
sa738344,0315c,Alec Hansen
27451,0512c,Alec Marsh
13834,02nbq,Alec Mills
15937,02y8t,Aledmys Diaz
22581,04t3y,Alejandro Kirk
sa3015127,05r3s,Alejandro Osuna
sa3023538,05jri,Alejandro Rosario
21127,03wkr,Alejo Lopez
26410,04yfw,Alek Manoah
23792,04pmw,Alek Thomas
17678,02w7p,Alex Bregman
19296,041qv,Alex Call
12890,02zbn,Alex Claudio
sa3023421,06bfu,Alex Clemmey
6562,01seh,Alex Cobb
6661,01sk9,Alex Colome
12649,0260x,Alex Dickerson
19874,04aec,Alex Faedo
sa3020653,05xu1,Alex Freeland
17276,02yoi,Alex Jackson
20325,041m2,Alex Kirilloff
19883,03yui,Alex Lange
15015,02yek,Alex Reyes
17027,03d7g,Alex Verdugo
25007,04q05,Alex Vesia
13781,02mwv,Alex Wood
18333,03aad,Alex Young
22842,04hi6,Alexander Canario
21132,03qqf,Alexis Diaz
21560,04pq6,Alfonso Rivas
sa3021066,06626,Alfredo Duno
27604,05gs3,Alika Williams
21238,04pzz,Allan Winans
15518,02yh5,Amed Rosario
14375,02i3x,Amir Garrett
18593,03g4b,Anderson Espinoza
19909,03zmf,Anderson Tejeda
21298,04elo,Andre Jackson
26108,05133,Andre Pallante
10847,025ei,Andrelton Simmons
21797,0406n,Andres Chaparro
19950,03pzn,Andres Gimenez
14681,04km8,Andres Machado
20373,0403o,Andres Munoz
29911,05jq2,Andrew Abbott
17901,03pdw,Andrew Benintendi
12988,02bqd,Andrew Chafin
15423,02mv0,Andrew Heaney
12828,04ggi,Andrew Kittredge
14942,03119,Andrew Knapp
19514,041t8,Andrew Knizner
9847,01c1g,Andrew McCutchen
sa3020569,0648r,Andrew Morris
25942,051c3,Andrew Nardi
sa3017880,05r3i,Andrew Painter
17932,03pox,Andrew Stevenson
18300,02bxb,Andrew Suarez
13132,026m1,Andrew Susac
26197,04si2,Andrew Vaughn
14196,02n0e,Andrew Velazquez
33834,061a8,Andrew Walters
19455,04vvy,Andruw Monasterio
18819,03mm4,Andy Ibanez
24816,04ru5,Andy Pages
sa3015857,06aw7,Andy Perez
sa3015706,05r5e,Angel Genao
22717,05qzx,Angel Zerpa
14329,02my8,Anthony Alford
14706,02n2v,Anthony Banda
7982,025dj,Anthony Bass
13854,02nbr,Anthony Bemboom
19742,0423e,Anthony Bender
13050,02but,Anthony DeSclafani
sa502038,02hg0,Anthony Garcia
5097,01sha,Anthony Gose
20387,041mb,Anthony Kay
12861,01tt9,Anthony Rendon
3473,01sea,Anthony Rizzo
14551,02w16,Anthony Santander
sa3018259,05t7a,Anthony Solometo
7466,01di2,Anthony Swarzak
27453,0517a,Anthony Veneziano
27647,04y9p,Anthony Volpe
15488,02zoa,Antonio Senzatela
16925,02c6c,Aramis Garcia
12918,0260z,Archie Bradley
15482,03atj,Aristides Aquino
sa3022892,05y3p,Arjun Nimmala
5498,01see,Arodys Vizcaino
10233,01gya,Aroldis Chapman
sa3018463,06423,Aroon Escobar
18251,03qyt,Art Warren
sa3014423,059qm,Asa Lacy
7411,02h8x,Austin Adams
13801,02yxi,Austin Adams
18083,03qkr,Austin Allen
12158,02bwt,Austin Barnes
17237,026jx,Austin Brice
24604,04pra,Austin Cox
17117,03dji,Austin Davis
18288,02myl,Austin Dean
16561,03dbe,Austin Gomber
19363,041qs,Austin Hays
12976,02brk,Austin Hedges
27462,05249,Austin Martin
15672,02k18,Austin Meadows
15941,02mzc,Austin Nola
15290,0315n,Austin Pruitt
18360,03pom,Austin Riley
5491,01cgn,Austin Romine
25425,04y98,Austin Shenton
16153,03dg7,Austin Slater
15047,0316l,Austin Voth
27562,05ahg,Austin Wells
15271,031cs,Austin Wynns
5760,01urw,Avisail Garcia
20070,03ql8,Bailey Falter
21224,0425t,Bailey Ober
26079,05t6u,Beau Brieske
18873,03pj3,Beau Burrows
23590,04o2w,Ben Brown
30085,05y4k,Ben Casparius
12160,02hka,Ben Gamel
31461,060eu,Ben Joyce
14932,0311w,Ben Lively
29576,05yo5,Ben Rice
20287,041q7,Ben Rortvedt
10199,01sy8,Billy Hamilton
15654,0310d,Billy McKinney
sa3020177,05u2q,Blade Tidwell
29487,05jr5,Blake Dunn
sa3004153,04efb,Blake Hunt
sa3022756,05y3q,Blake Mitchell
19921,03pp5,Blake Perkins
19957,03zce,Blake Rutherford
25805,05158,Blake Sabol
13543,02bqr,Blake Snell
12572,02bve,Blake Treinen
sa3023513,06c1k,Blake Wolters
sa3005117,04ak4,Blayne Enlow
23789,04pvs,Blaze Alexander
sa3014537,04nq4,Blaze Jordan
20054,04ejw,Bligh Madris
19612,041qb,Bo Bichette
21865,04mrn,Bo Naylor
17278,03daq,Bobby Bradley
19966,03z62,Bobby Dalbec
27483,05gwz,Bobby Miller
25764,04lgp,Bobby Witt Jr.
20548,0421k,Bowden Francis
10133,01sik,Brad Boxberger
9111,0241r,Brad Hand
15734,0312l,Brad Keller
12775,02brl,Brad Miller
5401,026s0,Brad Peacock
20494,0425q,Braden Bristo
25817,04qri,Braden Shewmake
16221,03c8v,Bradley Zimmer
sa3017694,059bx,Brady House
25377,03pov,Brady Singer
sa3021072,066mz,Brailer Guerrero
21896,04390,Brailyn Marquez
sa3020683,05rfo,Brandon Barriera
10264,01uwk,Brandon Belt
19866,04el1,Brandon Bielak
5343,01sdl,Brandon Crawford
15214,0311t,Brandon Dixon
11615,02hlw,Brandon Drury
16208,03d6m,Brandon Finnegan
23460,04eon,Brandon Hughes
9939,022o7,Brandon Kintzler
18882,03qjy,Brandon Lowe
20202,041q8,Brandon Marsh
12927,02bq2,Brandon Nimmo
27782,05lg3,Brandon Pfaadt
sa3023499,0515o,Brandon Sproat
26056,05rk4,Brandon Walter
25463,05120,Brandon Williamson
sa3022613,06dnc,Brandon Winokur
16162,02bu3,Brandon Woodruff
30133,05u6p,Brant Hurter
sa3008470,04pmq,Braxton Ashcraft
21844,041e3,Braxton Garrett
23920,04t40,Brayan Bello
23690,04si3,Brayan Rocchio
sa3022921,05wy1,Brayden Taylor
sa3021229,06dq5,Braylin Morel
sa3025647,06kkf,Braylon Payne
24679,04pse,Brendan Donovan
17907,03lua,Brendan Rodgers
sa3007876,04pmv,Brennen Davis
19627,04e2u,Brent Rooker
13942,03cav,Brent Suter
25479,0513l,Brenton Doyle
sa3023097,06fuk,Brett Banks
26123,04yib,Brett Baty
17877,03qpo,Brett Kennedy
17369,03dbs,Brett Martin
14735,02mzx,Brett Phillips
18217,03qtv,Brett Sullivan
sa3023366,06huh,Brett Wichrowski
18289,02c63,Brian Anderson
19422,041rz,Brian Serven
sa3022563,06c36,Brice Matthews
22186,04b00,Brice Turang
17968,03dap,Brock Burke
sa3020708,05u6h,Brock Porter
sa3022499,05ubi,Brock Wilken
sa3023515,06f1b,Brody Hopkins
31394,062z3,Brooks Baldwin
31595,04yig,Brooks Lee
10061,01vxp,Brooks Raley
20370,04egr,Bruce Zimmermann
20367,03zbj,Brusdar Graterol
16609,04tlv,Bryan Abreu
19804,041w4,Bryan Baker
19600,03bud,Bryan De La Cruz
19457,041sr,Bryan Garcia
26304,05156,Bryan Hoeing
19924,03svw,Bryan Hudson
sa917784,04ahc,Bryan Mata
25621,059bs,Bryan Ramos
19326,03e5m,Bryan Reynolds
8110,01uay,Bryan Shaw
30279,05y62,Bryan Woo
27779,05jp9,Bryce Elder
sa3022757,05u96,Bryce Eldridge
11579,01fh9,Bryce Harper
29837,05vy6,Bryce Miller
19990,0429h,Bryse Wilson
26294,04p10,Bryson Stott
sa3017428,05rik,Bubba Chandler
22261,04eeb,Bubba Thompson
14814,02n6j,Buck Farmer
22505,04egt,Buddy Kennedy
14161,02i2k,Byron Buxton
12546,02bq4,C.J. Cron
sa3023068,06dn6,C.J. Kayfus
27473,05gef,Cade Cavalli
sa3020860,05gww,Cade Horton
25505,051fl,Cade Marlowe
30055,05xop,Cade Povich
27867,04eor,Cade Smith
sa3023371,06f15,Cade Smith
31508,063e5,Caden Dana
22169,04eex,Cal Mitchell
19312,03yxh,Cal Quantrill
21534,04my4,Cal Raleigh
22411,04pug,Cal Stevenson
sa3017183,05y4b,Caleb Durbin
19349,043r7,Caleb Ferguson
26213,04q1w,Caleb Kilian
14875,03753,Caleb Smith
10078,02hfr,Caleb Thielbar
20116,04ekf,Calvin Faucher
13360,0240t,Cam Bedrosian
16061,03mjl,Cam Booser
sa3025607,062e0,Cam Caminiti
sa3020131,05u1y,Cam Collier
12981,02brd,Cam Gallagher
35108,060jo,Cam Smith
21992,04k0w,Camilo Doval
23264,04egd,Canaan Smith-Njigba
13607,02of2,Carl Edwards Jr.
6632,01as6,Carlos Carrasco
14162,02i2q,Carlos Correa
14542,03mnq,Carlos Estevez
22713,04n0k,Carlos Hernandez
sa3016722,05rf5,Carlos Jorge
11682,01uug,Carlos Martinez
16137,02c2r,Carlos Rodon
30161,05yf9,Carlos Rodriguez
2396,01cfr,Carlos Santana
sa3025452,06aly,Carson Benge
sa3025198,062ec,Carson DeMartini
18311,02n67,Carson Fulmer
13620,02mxf,Carson Kelly
sa3020473,05ybw,Carson Palmquist
27685,05r3k,Carson Spiers
sa3020529,05y7v,Carson Whisenhunt
sa3017795,05t9n,Carson Williams
sa3025599,05yit,Carter Holton
sa3017339,05vy5,Carter Jensen
20492,04mlf,Casey Mize
27577,05jp4,Casey Schmitt
19252,041rv,Cavan Biggio
24262,05gsi,Ceddanne Rafaela
17929,03qr0,Cedric Mullins
10556,025gz,Cesar Hernandez
9013,01u9l,Cesar Valdez
15552,0374o,Chad Green
14975,03179,Chad Kuhl
15191,03160,Chad Pinder
17161,03121,Chad Wallach
16953,056c8,Chadwick Tromp
15694,03117,Chance Sisco
sa3020219,0622w,Chandler Simpson
sa3023450,05zq5,Charlee Soto
19813,041r7,Charles Leblanc
7859,01sge,Charlie Blackmon
sa3025257,06alk,Charlie Condon
3298,025fu,Charlie Culberson
4676,005jn,Charlie Morton
19599,04esz,Chas McCormick
6895,026k6,Chase Anderson
sa3022426,05jrf,Chase Davis
15036,02mxi,Chase De Jong
sa3021053,05uei,Chase DeLauter
33482,05yj0,Chase Dollander
sa3020682,05yh3,Chase Hampton
sa3017963,05raz,Chase Petty
30074,05xsm,Chase Silseth
10855,02hkk,Chasen Shreve
29866,05uws,Chayce McDermott
14663,0310y,Chi Chi Gonzalez
6345,01uoy,Chris Archer
12304,02c2h,Chris Bassitt
sa3011411,0513o,Chris Clarke
12763,02i31,Chris Devenski
13896,02n5v,Chris Flexen
11847,02j77,Chris Martin
26214,0514m,Chris Murphy
10030,01s8o,Chris Owings
20099,03qne,Chris Paddack
10603,01uca,Chris Sale
13761,02mw1,Chris Stratton
13757,02u47,Chris Taylor
16434,0310e,Christian Arroyo
10028,01sci,Christian Bethancourt
30011,05xor,Christian Encarnacion-Strand
sa3025168,06cq8,Christian Moore
30107,05xpq,Christian Scott
9774,029us,Christian Vazquez
13419,02mw3,Christian Walker
11477,025dn,Christian Yelich
17714,03pjk,Christin Stewart
21897,04pbp,Christopher Morel
19614,03zo6,Cionel Perez
25768,04qk8,CJ Abrams
19899,04ee7,Clarke Schmidt
13649,02bx4,Clay Holmes
27494,05jnq,Clayton Beeter
sa598302,02c2z,Clayton Blackburn
2036,005ih,Clayton Kershaw
15983,02yoh,Clint Frazier
28312,05js5,Coby Mayo
21547,04py7,Coco Montes
15998,03120,Cody Bellinger
27597,0514o,Cody Bradford
25388,04ps8,Cody Morris
18769,02b2k,Cody Poteet
19828,041xd,Cody Thomas
sa3020713,0630e,Colby Thomas
sa3011200,0514q,Colby White
sa3022596,066eo,Cole Carrigg
19244,041ru,Cole Irvin
21846,041ma,Cole Ragans
21461,03qxr,Cole Sands
15256,031hc,Cole Sulser
17326,03d6r,Cole Tucker
22113,04paj,Cole Winn
sa3020459,05y7x,Cole Young
22361,0429k,Colin Holderman
16909,026l2,Colin Moran
19403,02mz1,Colin Poche
12317,02bzn,Colin Rea
7531,02hy2,Collin McHugh
23307,05y18,Collin Snider
sa3017170,05rch,Colson Montgomery
sa3022923,060ub,Colt Emerson
27899,05jrh,Colt Keith
29591,05ras,Colton Cowser
19961,041rk,Colton Welker
19983,041sb,Conner Capel
16455,03749,Conner Greene
19199,041ym,Conner Menez
21205,04ek8,Connor Brogdon
16572,03d6y,Connor Joe
29592,05tce,Connor Norby
18376,03doq,Connor Overton
27649,05jpe,Connor Phillips
sa3020808,05joq,Connor Prielipp
19695,03drx,Connor Seabold
sa3010784,0513x,Connor Thomas
19896,04efi,Connor Wong
24975,04px6,Cooper Criswell
sa3020736,05yef,Cooper Hjerpe
19458,0421c,Cooper Hummel
sa3022867,067xj,Cooper Pratt
19361,041rd,Corbin Burnes
25878,04y4e,Corbin Carroll
19884,04afj,Corbin Martin
10762,025jn,Corey Dickerson
20311,04eit,Corey Julks
2429,01z34,Corey Kluber
15010,0310k,Corey Knebel
13624,02mw6,Corey Seager
20277,04ef6,Cory Abbott
12294,02bq1,Cory Spangenberg
6655,01scl,Craig Kimbrel
7274,01di3,Craig Stammen
sa3023032,06fzq,Craig Yoho
sa3018403,05mxd,Cristhian Vaquero
17606,045kb,Cristian Javier
27974,05ita,Cristian Mena
19948,03xlc,Cristian Pache
20778,052c8,Cristopher Sanchez
12510,02bxm,Curt Casali
23986,05ahe,Curtis Mead
sa549926,0373q,D.J. Peterson
19779,04mkt,Dairon Blanco
19206,041md,Dakota Hudson
9434,01z83,Dallas Keuchel
sa3019892,05xtz,Dalton Rushing
sa3017326,05wbq,Damiano Palmegiani
19805,04220,Dan Castano
19409,041m9,Dane Dunning
22054,04ehj,Dane Myers
7115,01cg1,Daniel Bard
13293,02hxd,Daniel Coulombe
sa3011495,04ya2,Daniel Espino
7146,01fd0,Daniel Hudson
21537,04pma,Daniel Lynch
16980,03dav,Daniel Mengden
13475,025gw,Daniel Norris
25180,06bs4,Daniel Schneemann
14130,02br5,Daniel Vogelbach
16535,031el,Danny Jansen
18889,03qxt,Danny Mendick
10322,02iyj,Danny Santana
18314,03ae8,Dansby Swanson
sa3025411,06ien,Dante Nori
21170,059zc,Dany Jimenez
26224,05145,Darell Hernaiz
19717,041yc,Darick Hall
9929,02hh7,Darin Ruf
25928,05157,Darius Vines
3321,00573,Darren O'Day
19848,03ywk,Darwinzon Hernandez
19345,041pp,Daulton Jefferies
19918,04efa,Daulton Varsho
21101,05tux,Dauri Moreta
19569,04aqc,David Bednar
14593,02n8i,David Bote
13744,02i2m,David Dahl
30056,05yav,David Festa
17992,03qlw,David Fletcher
24934,04psr,David Fry
27531,0515v,David Hamilton
25111,04vnd,David Hensley
sa3019964,06485,David McCabe
2136,03d1m,David Peralta
20302,04g1x,David Peterson
6316,01whj,David Phelps
3184,004e4,David Price
8241,005m0,David Robertson
24782,04pvh,David Villar
27582,04pv6,Davis Daniel
21448,04pxf,Davis Martin
23565,04o2x,Davis Schneider
26469,0511s,Davis Wendzel
18353,02zg5,Daz Cameron
19350,041yb,Dean Kremer
23055,050vo,Dedniel Nunez
20276,0406o,Deivi Garcia
6216,01ciq,Dellin Betances
sa917935,03ytn,Delvin Perez
21087,03qzx,DeMarcus Evans
sa3021051,064o4,Demetrio Crisantes
17878,046yd,Dennis Santana
sa3017426,05unf,Denzel Clarke
14509,02buj,Dereck Rodriguez
16192,026m5,Derek Fisher
16947,03d6q,Derek Hill
13133,02bx6,Derek Law
20926,03c8a,Dermis Garcia
13325,02hev,Deven Marrero
19487,041ry,Devin Smeltzer
15816,0311c,Devin Williams
sa3015168,05nsq,Deyvison De Los Santos
6012,01ut0,Didi Gregorius
sa3008742,04p0h,Diego Cartaya
17496,041me,Diego Castillo
19906,04vnr,Diego Castillo
18790,02c5u,Dillon Peters
17796,03p9d,Dillon Tate
17186,03ry2,Dinelson Lamet
11472,027h1,Dixon Machado
26389,0516h,DJ Herz
9874,01sfi,DJ LeMahieu
19348,041rb,DJ Peters
17766,03pj8,DJ Stewart
22207,04aeh,DL Hall
15055,03125,Dom Nunez
17092,03bam,Domingo Acevedo
17149,03c97,Domingo German
10348,01spz,Domingo Santana
26438,05161,Dominic Canzone
26149,04y45,Dominic Fletcher
13763,02n7j,Dominic Leone
15653,02z96,Dominic Smith
8623,01te5,Donovan Solano
31539,0630d,Drake Baldwin
19873,04eet,Drew Ellis
sa3019980,05xu0,Drew Gilbert
10732,025kq,Drew Hutchison
11426,01ucb,Drew Pomeranz
25385,04eee,Drew Rasmussen
24602,04pqd,Drew Rom
27763,05gwr,Drew Romo
12499,03f26,Drew Rucinski
17755,03qkc,Drew Smith
11760,025ej,Drew Smyly
18806,02n1f,Drew Steckenrider
31967,05yb1,Drew Thorpe
13424,02myh,Drew VerHagen
sa737690,02oep,Drew Ward
20505,04eer,Drew Waters
26260,0511r,Drey Jameson
sa3023304,062e9,Drue Hackenberg
sa3020676,05tdk,Druw Jones
14677,02mwx,Duane Underwood Jr.
9433,02hgc,Dustin Garneau
25705,0518r,Dustin Harris
19716,041r5,Dustin May
sa3018387,05r9e,Dyan Jorge
sa3019983,05xty,Dylan Beavers
12917,0269b,Dylan Bundy
20126,041mc,Dylan Carlson
18525,03df2,Dylan Cease
22276,04pq2,Dylan Coleman
33541,0596e,Dylan Crews
29928,05uy4,Dylan Dodd
13394,02hhd,Dylan Floro
sa3020677,05tdl,Dylan Lesko
18042,03qml,Dylan Moore
22176,041rp,Easton McGee
12155,025f7,Eddie Rosario
16959,03mpn,Eddy Alvarez
sa3015239,05un2,Edgar Quero
26944,05w7z,Edgardo Henriquez
17022,02zpf,Edmundo Sosa
27534,051dl,Edouard Julien
sa3024928,06icc,Eduardo Beltre
6153,021n3,Eduardo Escobar
sa3021208,06c79,Eduardo Quintero
13164,029si,Eduardo Rodriguez
sa3022162,06bsb,Eduardo Tait
21690,04ali,Edward Cabrera
19698,04c8q,Edward Olivares
sa3017626,05rcj,Edwin Arroyo
14710,02my5,Edwin Diaz
18316,03qlr,Edwin Rios
20539,04tji,Edwin Uceta
19964,045on,Eguy Rosario
8418,01t3l,Ehire Adrianza
sa3015414,06l49,Eiberson Castellano
20543,03seg,Elehuris Montero
20203,04eiw,Eli Morgan
20408,066pb,Eli Villalobos
19346,041w3,Eli White
11680,03fhx,Elias Diaz
16933,03yx9,Elieser Hernandez
sa3020210,05oek,Elijah Green
26668,05udp,Elly De La Cruz
17484,030ud,Eloy Jimenez
8709,01bv1,Elvis Andrus
27470,0510l,Emerson Hancock
sa3023887,06ibo,Emil Morales
sa3015158,05uo4,Emiliano Teodo
14771,031cy,Emilio Pagan
21032,04ug5,Emmanuel Clase
19890,03qvs,Emmanuel Rivera
sa3014693,054p6,Emmanuel Rodriguez
29839,05y2l,Emmet Sheehan
4922,02z95,Ender Inciarte
25332,0529l,Endy Rodriguez
21716,042af,Enmanuel Valdez
20447,04ywp,Enoli Paredes
sa3022917,05jre,Enrique Bradfield Jr.
10472,02h98,Enrique Hernandez
18403,03y4y,Enyel De Los Santos
10314,02cch,Erasmo Ramirez
sa3022866,05yed,Eric Bitonti
14111,02bv2,Eric Haase
3516,01cfp,Eric Hosmer
19316,031ey,Eric Lauer
17425,03d6n,Erick Fedde
13369,03bnk,Erik Gonzalez
26252,04y8z,Erik Miller
16587,03dgs,Erik Swanson
20352,04alp,Ernie Clement
21780,0406v,Esteury Ruiz
19151,03yth,Estevan Florial
sa3020881,05ybr,Ethan Salas
26364,0511g,Ethan Small
12552,02jh6,Eugenio Suarez
27768,05aoc,Eury Perez
27790,05mdt,Evan Carter
9368,00040,Evan Longoria
12297,02bsj,Evan Marshall
17734,03qto,Evan Phillips
sa3014860,05y0r,Evan Reifert
20078,04bpk,Evan White
23695,04is5,Everson Pereira
23733,04nqx,Ezequiel Duran
24064,04mra,Ezequiel Tovar
20666,05t64,Felix Bautista
sa3023381,05mx9,Felnin Celesten
sa3024303,05yck,Fernando Cruz
7048,05ym7,Fernando Cruz
19709,03zbh,Fernando Tatis Jr.
16496,03d6z,Forrest Wall
19586,041m3,Forrest Whitley
16432,03caf,Foster Griffin
17295,04auj,Framber Valdez
14567,02k1f,Franchy Cordero
26121,04qnc,Francisco Alvarez
12916,02611,Francisco Lindor
16403,03a95,Francisco Mejia
24750,04pqk,Frank German
15351,031f9,Frank Schwindel
14309,02yg3,Frankie Montas
sa3021845,06c78,Franklin Arias
15519,02ni1,Franklin Barreto
sa873722,03lfx,Franklin Perez
17861,03m1y,Franklyn Kilome
14566,02i3z,Franmil Reyes
5361,01cgo,Freddie Freeman
21840,05lo5,Freddy Fermin
18679,03dc4,Freddy Peralta
23324,04efr,Freddy Tarnok
17170,031fj,Gabe Speier
22563,0414h,Gabriel Arias
sa3015723,05rcs,Gabriel Gonzalez
22664,04s1g,Gabriel Moreno
sa3020758,0630f,Gabriel Rincones Jr.
12938,02yqz,Gabriel Ynoa
27583,05ybh,Garrett Acton
17897,03qju,Garrett Cleavinger
15279,03128,Garrett Cooper
27463,05ajh,Garrett Crochet
19262,041qk,Garrett Hampson
25097,055ca,Garrett Hill
27555,04en7,Garrett Mitchell
9784,01sld,Garrett Richards
18067,03qn0,Garrett Stubbs
20191,04eqa,Garrett Whitlock
sa3020972,064o6,Gary Gill Hill
11442,01t9q,Gary Sanchez
sa3019985,05tcd,Gavin Cross
19955,041ai,Gavin Lux
19901,04eej,Gavin Sheets
27792,05mrx,Gavin Stone
30122,05jp7,Gavin Williams
17490,040cf,Genesis Cabrera
25436,04yie,George Kirby
sa3023440,067xm,George Klassen
sa3023233,06b72,George Lombard Jr.
12856,025he,George Springer
sa3006872,04fqi,George Valera
22799,04pbq,Geraldo Perdomo
15038,03amq,German Marquez
13125,01spo,Gerrit Cole
19835,03mey,Gerson Garabito
4949,01cdf,Giancarlo Stanton
20233,03vum,Gilberto Celestino
sa3022887,05yj5,Gino Groover
10681,026rz,Gio Urshela
14986,03mul,Giovanny Gallegos
21366,04egl,Glenn Otto
16997,031t0,Gleyber Torres
29519,05wxw,Gordon Graceffo
27552,041x9,Graham Ashcraft
31363,066lr,Graham Pauley
20546,04q3y,Grant Anderson
16944,03d6p,Grant Holmes
sa3023634,066er,Grant Taylor
17062,03das,Grayson Greiner
24492,04pko,Grayson Rodriguez
16623,03dez,Greg Allen
7196,01xfu,Greg Holland
25448,04gdz,Greg Jones
12907,02jy0,Gregory Polanco
21894,0404s,Gregory Santos
19677,04aok,Gregory Soto
sa3017130,05uni,Griff McGarry
sa3025418,06mnj,Griffin Burkholder
19867,04eek,Griffin Canning
20253,0317q,Griffin Jax
18721,03mlu,Guillermo Heredia
26289,050w9,Gunnar Henderson
24737,04pxq,Gus Varland
sa3025544,05zd4,Hagen Smith
11801,02vmh,Hansel Robles
11902,02jtl,Hanser Alberto
sa3017863,05u2k,Hao-Yu Lee
14691,02zma,Harold Castro
14387,02i3m,Harold Ramirez
18030,03qjv,Harrison Bader
sa3017627,05raw,Harry Ford
27506,05ajg,Ha-seong Kim
31635,06650,Hayden Birdsong
27581,0514f,Hayden Wesneski
sa3020133,0603s,Haydn McGeary
11632,02hhu,Heath Hembree
11804,03h90,Hector Neris
sa3015828,05xse,Hector Rodriguez
22515,04ee8,Heliot Ramos
sa3020006,05y7t,Henry Bolte
29617,05oxc,Henry Davis
sa3016066,05ym5,Henry Lalane
31166,0596f,Heston Kjerstad
27515,05rbx,Hirokazu Sawamura
13346,02n0v,Hoby Milner
21520,04pps,Hogan Harris
18027,03mky,Hoy Park
6107,060ml,Huascar Brazoban
20468,03gl9,Huascar Ynoa
21183,050if,Humberto Castellanos
sa3022409,04nb5,Hunter Barco
25880,05144,Hunter Brown
15117,03108,Hunter Dozier
25636,05143,Hunter Gaddis
29715,05u2v,Hunter Goodman
22182,04aea,Hunter Greene
15507,0310c,Hunter Harvey
15464,03022,Hunter Renfroe
7836,01ses,Hunter Strickland
15091,03bro,Hunter Wood
33527,0603p,Hurston Waldrep
sa3012639,06in4,Hyeseong Kim
14444,02xik,Hyun Jin Ryu
sa3023601,06f8f,Hyun-Seok Jang
19951,041m0,Ian Anderson
19261,041w8,Ian Hamilton
17919,03nmw,Ian Happ
6986,000y3,Ian Kennedy
13324,0433b,Ildemaro Vargas
20036,04071,Isaac Paredes
16512,031b3,Isiah Kiner-Falefa
20599,04hyc,Ivan Herrera
sa3019859,060ih,Ivan Melendez
14506,02n4q,J.B. Wendelken
20617,04o64,J.C. Mejia
16219,02bu2,J.D. Davis
6184,02334,J.D. Martinez
20165,03dub,J.J. Matijevic
15491,0310z,J.P. Crawford
16610,03dpn,J.P. Feyereisen
21212,04py3,J.P. France
24451,04m8w,J.P. Martinez
23429,04eld,J.P. Sears
13767,02mx4,J.T. Chargois
11739,025i9,J.T. Realmuto
sa3025245,05u9q,Jac Caglianone
31437,05tzg,Jace Jung
12325,02bqo,Jace Peterson
17479,03d6w,Jack Flaherty
30146,04y9o,Jack Leiter
15402,03vlg,Jack Mayfield
22244,041z2,Jack Suwinski
12984,025ho,Jackie Bradley Jr.
sa3023471,05u9j,Jackson Baumeister
28806,05m1e,Jackson Chourio
sa3020891,05u6g,Jackson Ferris
31781,05ybv,Jackson Holliday
30203,05rb0,Jackson Jobe
21549,04mlg,Jackson Kowar
29490,05ua7,Jackson Merrill
26215,04yte,Jackson Rutledge
14420,02n8k,Jackson Stephens
20565,04eip,Jackson Tetreault
29832,05xpr,Jackson Wolf
23296,04elh,Jacob Amaya
12323,02c14,Jacob Barnes
10954,02hjp,Jacob deGrom
25098,051ui,Jacob Lopez
sa3019988,061gx,Jacob Melton
sa3020644,061yu,Jacob Misiorowski
16448,031bm,Jacob Nottingham
13723,02j7h,Jacob Stallings
33266,0622t,Jacob Wilson
29931,05yaf,Jacob Young
14818,01uvc,JaCoby Jones
sa3023134,06f0u,Jaden Hamm
18872,03pp6,Jahmai Jones
18356,03ysq,Jaime Barria
12774,03emt,Jairo Diaz
26907,060q2,Jairo Iriarte
sa3018399,05yix,Jaison Chourio
25569,051io,Jake Alu
15194,0316v,Jake Bauers
21267,04pqs,Jake Bird
33168,06dqi,Jake Bloss
17783,031d3,Jake Brentz
22275,04azv,Jake Burger
14477,02bul,Jake Cave
21620,04eru,Jake Cousins
18036,03qmh,Jake Cronenworth
5003,02iya,Jake Diekman
27590,05gwt,Jake Eder
19260,041qd,Jake Fraley
sa3022600,060g1,Jake Gelof
21504,04ppz,Jake Irvin
13329,02mzn,Jake Lamb
11339,01sit,Jake Marisnick
21622,03qyv,Jake McCarthy
7550,01avv,Jake McGee
20308,04emt,Jake Meyers
6397,01h4f,Jake Odorizzi
19452,03av1,Jake Rogers
sa3004160,04ega,Jake Scheiner
23095,04ppp,Jake Wong
18674,03pol,Jake Woodford
13619,02f9m,Jakob Junis
sa3019868,065ji,Jakob Marsee
17192,03djb,Jalen Beeks
18331,03adt,James Kaprielian
20151,04ejp,James Karinchak
21527,04pw3,James McArthur
12859,02bra,James McCann
24770,04psu,James Outman
11828,025l2,James Paxton
sa3025333,066ir,James Tibbs
sa3017295,05ucf,James Triantos
29518,05rat,James Wood
11674,01srb,Jameson Taillon
14665,031nm,Jandel Gustave
23301,04etg,Janson Junk
27863,05h2u,Jared Jones
27517,05ylp,Jared Koenig
sa3015579,062jx,Jared Serna
27472,05jp2,Jared Shuster
25807,05128,Jared Triolo
18607,04p9n,Jared Walsh
20404,04eoj,Jared Young
18282,03aaa,Jarlin Garcia
sa3018808,05y7n,Jarlin Susana
22558,04ggr,Jarred Kelenic
24617,04pst,Jarren Duran
11861,025it,Jason Adam
19666,05xze,Jason Alexander
8722,01cde,Jason Castro
19806,041w5,Jason Delay
19531,04aoq,Jason Foley
sa917925,03ysp,Jason Groome
4940,01c5o,Jason Heyward
16686,03dpa,Jason Vosler
28080,050c3,Jasson Dominguez
21741,04fq2,Javier Assad
12979,026mn,Javier Baez
sa3023635,05u2p,Jaxon Wiggins
7432,01s97,Jay Jackson
sa1170405,051i0,Jayden Murray
19552,03qzb,Jaylin Davis
20454,045qo,Jazz Chisholm Jr.
5933,01suo,Jean Segura
4418,00587,Jed Lowrie
sa3015407,05gss,Jeferson Quero
16631,03dbv,Jeff Brigham
17432,03ann,Jeff Hoffman
15362,0317o,Jeff McNeil
sa3018571,061wh,Jefferson Rojas
17677,04mlr,Jeffrey Springs
13621,027fx,Jeimer Candelario
12664,02c29,Jerad Eickhoff
21871,04mdf,Jerar Encarnacion
22210,04ehz,Jeremiah Estrada
21636,04ppj,Jeremy Pena
18371,03nuu,Jermaine Palacios
5448,013ip,Jesse Chavez
13590,02mwg,Jesse Winker
11342,02jhn,Jesus Aguilar
19959,041r1,Jesus Luzardo
sa3024108,06ibv,Jesus Made
19913,03nru,Jesus Sanchez
16300,03moe,Jesus Tinoco
22202,04eeg,Jeter Downs
sa3020134,060la,Jett Williams
5114,01skl,Jeurys Familia
sa3019367,06cev,Jhancarlos Lara
13654,02na8,Jharel Cotton
21029,04apj,Jhoan Duran
24257,04yrs,Jhonkensy Noel
25386,050ih,Jhony Brito
sa3015523,05j8u,Jhostynxon Garcia
2608,01cgs,Jhoulys Chacin
23818,04lcq,Ji-Hwan Bae
5452,025jm,Ji-Man Choi
sa3019841,06434,Jimmy Crooks
17556,03qln,Jimmy Herget
15157,031dt,Jimmy Yacabonis
26368,04y95,JJ Bleday
sa3025154,06aw3,JJ Wetherholt
20220,04aee,Jo Adell
22925,04ywo,Joan Adon
11899,026qc,Joc Pederson
22296,0429m,Joe Barlow
29608,05jpk,Joe Boyle
15761,03as0,Joe Jimenez
9761,01sve,Joe Kelly
14857,03mle,Joe Mantiply
12970,02bqy,Joe Musgrove
17035,03mf6,Joe Palumbo
11936,02bq9,Joe Panik
21390,04ps7,Joe Ryan
19995,041wc,Joel Kuhnel
14332,03aru,Joel Payamps
11487,03ani,Joely Rodriguez
sa3021067,06625,Joendry Vargas
21524,04mn4,Joey Bart
23335,04eos,Joey Cantillo
26257,051cl,Joey Estes
14128,02i3v,Joey Gallo
13707,02bze,Joey Krehbiel
29630,05yfl,Joey Loperfido
19320,041rn,Joey Lucchesi
14366,03et7,Joey Meneses
4314,00031,Joey Votto
13853,02mzu,Joey Wendle
19962,041pr,Joey Wentz
27690,05jq3,Joey Wiemer
14950,03344,Johan Camargo
22487,04674,Johan Oviedo
24336,04w4e,Johan Rojas
12777,03xmd,John Brebbia
sa3018573,06200,John Cruz
27942,0423z,John McMillon
16269,03dim,John Means
16852,03pio,John Nogowski
20020,041z3,John Schreiber
22530,04gdw,Johnathan Rodriguez
6893,0055e,Johnny Cueto
19574,041rj,JoJo Romero
12037,02c4r,Jon Berti
14916,02bxv,Jon Gray
22224,04pwx,Jon Heasley
24703,04q5b,Jonah Bride
16930,031b2,Jonah Heim
sa3022324,0658b,Jonah Tong
26599,057zc,Jonatan Clase
21837,05t9v,Jonathan Aranda
20275,03nrm,Jonathan Arauz
31730,05rb2,Jonathan Cannon
15104,0375e,Jonathan Davis
17464,03mgq,Jonathan Hernandez
21523,04nx3,Jonathan India
19753,03db4,Jonathan Loaisiga
11265,025g7,Jonathan Schoop
10071,025gy,Jonathan Villar
sa3022864,06fwm,Jonathon Long
26365,04y94,Jonny Deluca
sa3023362,066sx,Jonny Farmelo
31431,051b4,Jordan Beck
22650,04yub,Jordan Diaz
23794,04n8x,Jordan Groshans
19618,03vcw,Jordan Hicks
20631,03dsa,Jordan Holloway
29976,05r1m,Jordan Lawlar
29950,0614c,Jordan Leasure
16424,03dag,Jordan Luplow
7593,01gjf,Jordan Lyles
16511,03dbo,Jordan Montgomery
16122,03di6,Jordan Romano
27475,05gbf,Jordan Walker
13190,02bru,Jordan Weems
27815,05gsc,Jordan Westburg
30094,05r1d,Jordan Wicks
19459,04ata,Jorge Alcala
12180,025iy,Jorge Alfaro
14527,02brf,Jorge Lopez
17273,03b6k,Jorge Mateo
13152,02yd1,Jorge Polanco
14221,02i11,Jorge Soler
15676,02i2e,Jose Abreu
5417,024m0,Jose Altuve
17780,03btm,Jose Alvarado
18821,03yux,Jose Azocar
23378,04dwv,Jose Barrero
14168,02mwk,Jose Berrios
23313,05oz7,Jose Butto
23401,04eig,Jose Caballero
17169,02new,Jose Castillo
6399,02jmi,Jose Cisnero
15463,0376n,Jose De Leon
22318,066st,Jose Hernandez
17040,05xz1,Jose Herrera
10231,01s98,Jose Iglesias
14524,030x2,Jose Leclerc
22982,03zld,Jose Lopez
20538,041qh,Jose Miranda
sa3025104,067z8,Jose Perdomo
19200,04k0x,Jose Quijada
11423,025kd,Jose Quintana
13510,01ub6,Jose Ramirez
24388,03pzl,Jose Rodriguez
19331,04lo8,Jose Rojas
14552,02i45,Jose Ruiz
17452,039vx,Jose Siri
22100,04c0o,Jose Soriano
19911,03nqc,Jose Suarez
23691,04sxv,Jose Tena
16725,03df0,Jose Trevino
11589,02j6w,Jose Urena
18413,0440h,Jose Urquidy
25493,0513c,Joseph Ortiz
13145,026lz,Josh Bell
5038,01sjg,Josh Donaldson
20418,04egq,Josh Fleming
14212,02n96,Josh Hader
8202,01sjy,Josh Harrison
16794,049dt,Josh James
26299,04y44,Josh Jung
sa3023420,069zn,Josh Knoth
7882,01cf6,Josh Lindblom
19953,041ah,Josh Lowe
18839,03pjd,Josh Naylor
19818,041ra,Josh Palacios
18510,03qpd,Josh Rogers
19734,04oct,Josh Rojas
18323,03pp9,Josh Sborz
26396,052ru,Josh Smith
18335,03pp2,Josh Staumont
15170,04p9m,Josh VanMeter
22387,041ze,Josh Winckowski
24606,04psd,Josh Winder
24580,04pn3,Josiah Gray
sa3018584,0637j,Josue Briceno
sa3018591,061zv,Josue De Paula
20422,03qmm,Jovani Moran
17578,03qm8,JT Brubaker
17642,0313a,JT Riddle
sa3009808,05yhe,Juan Brito
5384,021s2,Juan Lagares
10341,03yvx,Juan Minaya
20123,03ynj,Juan Soto
sa3021570,06mlb,Juan Valera
18400,03ner,Juan Yepez
30031,05yg3,Julian Aguiar
16703,03deo,Julian Merryweather
23697,04fhb,Julio Rodriguez
6797,01cih,Julio Teheran
14765,02vl6,Julio Urias
33824,05m49,Jung Hoo Lee
28163,05xch,Junior Caminero
sa3022110,0662p,Jun-Seok Shim
10815,01spl,Jurickson Profar
sa3016971,05ylo,Justice Bigbie
sa3020240,05y30,Justin Crawford
19268,041m4,Justin Dunn
27501,05gsg,Justin Foscue
sa3007775,04prb,Justin Jarvis
17639,03qq9,Justin Lawrence
24453,05acp,Justin Martinez
25648,0512q,Justin Slaten
17312,03deg,Justin Steele
15145,0318i,Justin Topa
5235,01lum,Justin Turner
5222,0001p,Justin Upton
8700,000dp,Justin Verlander
15490,02z0x,Justin Williams
4301,025ko,Justin Wilson
31204,05y9r,Justin Wrobleski
17285,03c9c,Justus Sheffield
29606,05uy1,Justyn-Henry Malloy
sa3022937,066b3,K.C. Hunt
18136,03qlf,Ka'ai Tom
26374,04y9h,Kameron Misner
15994,033lq,Kean Wong
23499,04esc,Keaton Winn
18577,03pji,Ke'Bryan Hayes
19362,041py,Keegan Akin
19795,04efn,Keegan Thompson
19610,03rmz,Keibert Ruiz
22630,05a1v,Keider Montero
17468,03nud,Kelvin Gutierrez
sa3022562,06ahe,Kemp Alderman
12910,02bvf,Ken Giles
27681,0513y,Ken Waldichuk
15514,031c2,Kendall Graveman
3096,01svz,Kenley Jansen
20009,0429i,Kenny Rosenberg
15849,02hqe,Kent Emanuel
18498,02z93,Kenta Maeda
25961,051em,Kerry Carpenter
20003,04e82,Keston Hiura
13613,0326s,Ketel Marte
12284,02bv0,Kevan Smith
sa3008752,04qow,Kevin Alcantara
14107,02hi7,Kevin Gausman
19876,03dpg,Kevin Ginkel
25679,051eh,Kevin Kelly
11038,0381o,Kevin Kiermaier
sa969045,0401b,Kevin Maitan
sa3022895,05yby,Kevin McGonigle
17696,03pj2,Kevin Newman
12434,02xi1,Kevin Pillar
13807,02mwl,Kevin Plawecki
20242,04eg3,Kevin Smith
15264,031av,Keynan Middleton
19952,041r6,Khalil Lee
9073,030vs,Kirby Yates
17695,03qnq,Koda Glover
31838,04a2t,Kodai Senga
20572,04ppi,Kody Clemens
15502,02ytk,Kohl Stewart
18694,03nqg,Kolby Allard
11200,0240y,Kole Calhoun
12532,026m0,Kolten Wong
21453,04muw,Konnor Pilkington
25543,0510z,Korey Lee
15429,01ubo,Kris Bryant
21455,04pmb,Kris Bubic
33644,06f0q,Kristian Campbell
sa3006884,04g7l,Kristian Robinson
31843,04azu,Kumar Rocker
8259,000cd,Kurt Suzuki
20531,04ep8,Kutter Crawford
13713,02n0z,Kyle Barraclough
24586,04pq4,Kyle Bradish
13182,02bqp,Kyle Crick
14813,0312h,Kyle Farmer
15009,031bl,Kyle Finnegan
16256,03ca3,Kyle Freeland
18063,03v3t,Kyle Garlick
10123,01fha,Kyle Gibson
27758,05js3,Kyle Harrison
12049,02bwg,Kyle Hendricks
5517,01usr,Kyle Higashioka
sa857840,03pjg,Kyle Holder
27514,05jq7,Kyle Hurt
21614,04ppo,Kyle Isbel
sa3022559,06dsa,Kyle Karros
19508,03z61,Kyle Lewis
29794,05rfu,Kyle Manzardo
20167,041q4,Kyle Muller
20515,04eny,Kyle Nelson
16478,03cag,Kyle Schwarber
26151,04y97,Kyle Stowers
sa3022886,05wxy,Kyle Teel
18345,03pir,Kyle Tucker
19665,04aed,Kyle Wright
26420,050s0,Kyren Paris
18126,03qo2,LaMonte Wade Jr.
2520,01s94,Lance Lynn
14120,026l1,Lance McCullers Jr.
30076,05y72,Landen Roupp
27487,05l9f,Landon Knack
16939,03dei,Lane Thomas
21454,04pt2,Lars Nootbaar
22542,04prt,Lawrence Butler
sa3018409,05rfc,Lazaro Montes
sa873307,04gge,Leandro Cedeno
22896,04llv,Lenyn Sosa
sa3023363,067yc,Leodalis De Vries
18900,03pzo,Leody Taveras
5913,021oi,Leury Garcia
25138,061w0,Levi Jordan
18365,031ui,Lewin Diaz
14352,02mwa,Lewis Brinson
3548,01ub8,Liam Hendriks
24273,04ol2,Liover Peguero
22471,04am3,Livan Soto
18555,03qnb,Logan Allen
27589,05jp3,Logan Allen
sa3023077,06hv8,Logan Evans
22250,04n0m,Logan Gilbert
sa3020080,05uo2,Logan Henderson
24729,04q56,Logan O'Hoppe
20626,05j94,Logan Porter
17995,03dbm,Logan Webb
sa3017628,05t9m,Lonnie White
9077,01c5f,Lorenzo Cain
15043,031d9,Lou Trivino
27691,051bm,Louie Varland
19238,03nri,Lourdes Gurriel Jr.
19360,041am,Lucas Erceg
15474,02i37,Lucas Giolito
8337,021sx,Lucas Luetge
13470,02mw7,Lucas Sims
18899,03pzm,Lucius Fox
18568,03mew,Luis Arraez
sa3018482,060fy,Luis Baez
19615,02yhc,Luis Barrera
22217,04eep,Luis Campusano
15689,03nuc,Luis Castillo
13345,03am2,Luis Cessa
sa3005839,061p7,Luis De Avila
6984,0321h,Luis Garcia
20391,0414g,Luis Garcia
23735,04ni3,Luis Garcia
21052,04s1h,Luis Gil
20332,04gdv,Luis Gonzalez
16451,0317b,Luis Guillorme
sa3018514,060yn,Luis Lara
26467,04y11,Luis Matos
sa3003378,05r1g,Luis Matos
21649,03zlf,Luis Medina
sa3021487,0662m,Luis Morales
16942,03c63,Luis Ortiz
27646,05xsq,Luis Ortiz
22815,04k22,Luis Patino
sa3024134,06j3f,Luis Pena
14682,03ry3,Luis Perdomo
19858,03avk,Luis Rengifo
20043,047l7,Luis Robert
15890,03ab0,Luis Severino
15905,02nqg,Luis Torrens
16622,03o43,Luis Urias
sa3008765,04z6k,Luisangel  Acuna
sa3020135,06582,Luke Adams
11752,025ey,Luke Jackson
sa3022614,05zh9,Luke Keaschall
13355,02n1q,Luke Maile
19354,041ts,Luke Raley
14811,03199,Luke Voit
16918,02c5l,Luke Weaver
19931,03qk3,Luke Williams
21497,04069,Luken Baker
24581,04pmo,Lyon Richardson
22201,04cd5,MacKenzie Gore
5524,01cdg,Madison Bumgarner
17023,03h8n,Magneuris Sierra
12179,02i2d,Maikel Franco
22715,05g3x,Maikel Garcia
sa3008113,04rzr,Malcom Nunez
11493,01svq,Manny Machado
2829,01u5m,Manny Pina
14712,02i3d,Manuel Margot
20794,05ad7,Manuel Rodriguez
10324,01usi,Marcell Ozuna
sa3017114,05r9j,Marcelo Mayer
15467,03111,Marco Gonzales
25616,04ooy,Marco Luciano
sa3014550,05mrp,Marco Raya
12533,02bu9,Marcus Semien
sa1169620,0512y,Marcus Smith
13431,02hg4,Marcus Stroman
11445,025eo,Mark Canha
20122,04ejt,Mark Contreras
15551,0319c,Mark Leiter Jr.
18032,03qkb,Mark Mathias
4264,01cyw,Mark Melancon
16042,031eg,Mark Payton
22184,03zcy,Mark Vientos
6887,021t6,Martin Maldonado
6902,01fhm,Martin Perez
5497,021oy,Marwin Gonzalez
31837,05rc3,Masataka Yoshida
30171,05r3g,Mason Black
22288,04pqh,Mason Englert
31757,05ucd,Mason Miller
29770,05y2k,Mason Montgomery
21850,041qz,Mason Thompson
27479,05gwy,Masyn Winn
12863,0260w,Matt Barnes
17710,03qpz,Matt Beaty
25756,05138,Matt Brash
1246,01t04,Matt Bush
8090,021at,Matt Carpenter
16505,03d6s,Matt Chapman
7226,01sff,Matt Davidson
13836,02c5y,Matt Duffy
19330,041tl,Matt Festa
19647,0422q,Matt Foster
13420,02bzh,Matt Koch
20369,041m1,Matt Manning
29695,04pks,Matt McLain
27845,05ojj,Matt Mervis
1890,01fug,Matt Moore
14344,02mwm,Matt Olson
33322,063vu,Matt Shaw
13799,02nax,Matt Strahm
19705,0422n,Matt Swarmer
19318,04053,Matt Thaiss
21558,04pqq,Matt Vierling
25550,051e5,Matt Waldron
26466,04o78,Matt Wallner
sa3023171,06dmr,Matt Wilkinson
12804,02bvh,Matt Wisler
20157,052im,Matthew Batten
15440,02n4s,Matthew Boyd
22294,04mlx,Matthew Liberatore
sa1169598,04yic,Matthew Lugo
16530,03aqw,Mauricio Dubon
sa3022683,05u9y,Max Clark
13743,02i2j,Max Fried
12144,01vja,Max Kepler
27474,05a2d,Max Meyer
13301,02mzg,Max Muncy
3137,004ee,Max Scherzer
17750,03qqq,Max Schrock
24488,04q24,Max Schuemann
10059,01sc7,Max Stassi
21956,04k4u,Maximo Castillo
17109,03mpf,Meibrys Viloria
11156,02hj7,Merrill Kelly
11489,02h9j,Michael A. Taylor
sa3018429,05yid,Michael Arroyo
4106,01cil,Michael Brantley
26319,04t9b,Michael Busch
17321,03d6t,Michael Chavis
16376,02z0t,Michael Conforto
11903,02z6i,Michael Feliz
13218,02bqj,Michael Fulmer
23221,04pmk,Michael Grove
25931,0512v,Michael Harris II
16285,03mp0,Michael Hermosillo
12791,02bqn,Michael Kelly
19853,041wv,Michael King
17282,03d6v,Michael Kopech
14843,02hir,Michael Lorenzen
27684,05139,Michael Massey
29869,05sr2,Michael McGreevy
12977,02btc,Michael Perez
5372,01fi0,Michael Pineda
25353,05t5r,Michael Stefanic
25845,04ok3,Michael Toglia
14078,02iug,Michael Wacha
20100,04akb,Michel Baez
22533,057p2,Michel Otanez
sa3014534,05g4k,Mick Abel
19956,041e2,Mickey Moniak
21693,03xs3,Miguel Amaya
15878,02i3l,Miguel Andujar
sa3016834,05m1c,Miguel Bleis
1744,0007c,Miguel Cabrera
15684,0351m,Miguel Castro
7802,01t5w,Miguel Rojas
12164,01s9d,Miguel Sano
20178,04ru7,Miguel Vargas
21111,04qp0,Miguel Yajure
20206,04efe,Mike Baumann
19683,04ylg,Mike Brosseau
24728,04pvl,Mike Burrows
12808,02bsw,Mike Clevinger
15585,03mgg,Mike Ford
15451,0316b,Mike Mayers
10021,01sej,Mike Minor
4892,01c2r,Mike Moustakas
22557,04pqb,Mike Siani
18383,03pjf,Mike Soroka
10155,01s8u,Mike Trout
sa3017915,04ok0,Mike Vasil
14854,031dw,Mike Yastrzemski
13265,02i12,Mike Zunino
20017,041yi,Miles Mastrobuoni
9803,02h9r,Miles Mikolas
15161,031cd,Mitch Garver
14274,02mwj,Mitch Haniger
17594,03d7h,Mitch Keller
27707,0517z,Mitch Spence
19225,041qa,Mitch White
27636,05jqy,Mitchell Parker
22197,04eey,MJ Melendez
sa3015713,05rbs,Moises Ballesteros
sa3015346,060vu,Moises Chace
sa875163,03yuu,Moises Gomez
17216,03cah,Monte Harrison
13611,02btf,Mookie Betts
10430,01sex,Mychal Givens
17620,03qqb,Myles Straw
17732,0484h,Nabil Crismatt
31765,064da,Nacho Alvarez
33828,04zaw,Naoyuki Uwasawa
4696,01to9,Nate Jones
19566,041xv,Nate Lowe
20160,04eec,Nate Pearson
25055,04q3n,Nathan Eaton
9132,01ut7,Nathan Eovaldi
sa3019978,0648v,Nathan Martorella
2434,0001d,Nelson Cruz
sa3018421,05yib,Nelson Rada
23359,04eh9,Nelson Velazquez
17874,03bin,Nestor Cortes Jr.
sa3010299,03qvm,Nic Enright
12147,02br3,Nick Ahmed
22277,04efs,Nick Allen
25667,066sq,Nick Avila
16074,03adx,Nick Burdi
11737,01uc9,Nick Castellanos
13157,026m4,Nick Delmonico
21538,04pqf,Nick Fortes
sa3014492,05jpo,Nick Frasso
27490,0597k,Nick Gonzales
16337,03c7z,Nick Gordon
sa3025385,062k5,Nick Kurtz
26378,041ps,Nick Lodolo
27630,05gx0,Nick Loftin
20521,03qu7,Nick Madrigal
20395,04eie,Nick Margevicius
12730,02c4q,Nick Martinez
21635,04ei5,Nick Maton
29833,05wbp,Nick Nastrini
18699,03pp0,Nick Neidert
20153,041r9,Nick Nelson
15454,0316j,Nick Pivetta
22117,04b08,Nick Pratto
20517,04pmm,Nick Sandlin
19293,03zc9,Nick Senzel
23493,04ern,Nick Snyder
19294,041q1,Nick Solak
12385,02btn,Nick Tropeano
15594,02n23,Nick Wittgren
27504,05js7,Nick Yorke
19339,041sg,Nicky Lopez
21479,04pkr,Nico Hoerner
12092,025fb,Niko Goodrum
29782,05jqp,Niko Kavadas
25862,04pva,Noah Davis
sa3020949,05uc7,Noah Schultz
sa3011695,05134,Noah Song
11762,025ew,Noah Syndergaard
sa3022945,062yr,Noble Meyer
26517,04qnd,Noelvi Marte
9777,01sy3,Nolan Arenado
22263,04ai4,Nolan Gorman
20529,041q6,Nolan Jones
sa3023053,05y7s,Nolan McLean
33189,05yj1,Nolan Schanuel
14553,02i18,Nomar Mazara
11476,02i2s,Odubel Herrera
26295,0518b,Oliver Dunn
1514,000qy,Oliver Perez
13338,043f8,Omar Narvaez
21711,03zlh,Oneil Cruz
25967,04mms,Orelvis Martinez
31776,06491,Orion Kerkering
13185,02i1q,Orlando Arcia
30162,05g2r,Oscar Colas
20970,03nrk,Oscar Gonzalez
16375,02k19,Oscar Mercado
23985,04ni5,Osleivis Basabe
23150,06ala,Osvaldo Bido
22823,04g7n,Oswald Peraza
21707,042no,Oswaldo Cabrera
19608,04tjl,Otto Lopez
sa3014465,05jsg,Owen Caissie
24655,04ppl,Owen Miller
sa3020330,062pm,Owen Murphy
22273,04pms,Owen White
sa3023278,06fqq,Owen Wild
16556,03fi0,Ozzie Albies
18433,03qqe,P.J. Higgins
sa3021249,068z1,Pablo Guerrero
17085,043f9,Pablo Lopez
16357,03azu,Pablo Reyes
8246,02yxb,Paolo Espino
23800,04pmn,Parker Meadows
27478,04yuu,Patrick Bailey
9323,01xfr,Patrick Corbin
19447,03qpi,Patrick Sandoval
13602,02mws,Patrick Wisdom
14739,02mwd,Paul Blackburn
18015,03qkh,Paul DeJong
15832,031ez,Paul Fry
9218,01ual,Paul Goldschmidt
sa3017372,05yi0,Paul McIntosh
13892,02n2x,Paul Sewald
33677,05wru,Paul Skenes
sa3023718,06ho7,Paulino Santana
19892,04alq,Pavin Smith
sa3020869,066dq,Payton Martin
18864,03to4,Pedro Avila
5420,01sdu,Pedro Baez
27781,05gdv,Pedro Leon
25782,0514k,Pedro Pages
14523,03ap0,Pedro Severino
4070,01jb8,Pedro Strop
25174,05a07,Penn Murfee
19251,041pz,Pete Alonso
27769,051wv,Pete Crow-Armstrong
17998,03qo0,Pete Fairbanks
21367,061mp,Peter Strzelecki
25777,05177,Peyton Battenfield
25459,0512l,Peyton Burdick
18519,03109,Phil Bickford
10953,01uwe,Phil Gosselin
18064,03qwa,Phil Maton
15605,040bu,Phillips Valdez
13435,02hdy,Pierce Johnson
26413,051aa,Porter Hodge
22932,0509b,Prelander Berroa
sa3023407,060gd,Quinn Mathews
25977,050vn,Quinn Priester
17350,030uc,Rafael Devers
4185,01utq,Rafael Dolis
12760,02jhl,Rafael Montero
10323,022vt,Rafael Ortega
14350,032pz,Raimel Tapia
sa3023987,06mnp,Rainiel Rodriguez
17130,03aqv,Raisel Iglesias
17682,03ywr,Ralph Garza Jr.
sa3023013,067yp,Ralpy Velazquez
17128,03dp8,Ramon Laureano
18795,04de0,Ramon Urias
10243,01s9c,Randal Grichuk
19290,040b5,Randy Arozarena
23798,0506h,Randy Dobnak
23974,05w9g,Randy Rodriguez
24719,05itb,Randy Vasquez
17277,03et8,Ranger Suarez
23809,05r9n,Ray Kerr
27493,04nb4,Rece Hinds
16866,03dpt,Reed Garrett
15674,0310a,Reese McGuire
24968,04px8,Reese Olson
sa3020457,05uee,Reggie Crawford
27468,0596g,Reid Detmers
19754,04j1w,Reiver Sanmartin
19859,040fw,Rene Pinto
14966,042uz,Reyes Moronta
16400,03i81,Reynaldo Lopez
sa3017544,05ycn,Rhett Kouba
33876,061bo,Rhett Lowder
16472,03de9,Rhys Hoskins
4806,0008c,Rich Hill
7803,021iu,Richard Bleier
30160,05rav,Richard Fitts
17736,03pj6,Richie Martin
24589,04ppk,Richie Palacios
sa3018096,05js6,Ricky Tiedemann
19864,04azt,Riley Adams
25976,04nb2,Riley Greene
21858,03yxv,Riley Pint
29514,05ynx,River Ryan
22810,04b3a,Roansy Contreras
10655,025e9,Rob Brantly
10354,01ub5,Robbie Erlin
5254,01seb,Robbie Grossman
11486,025j1,Robbie Ray
sa3020707,061mh,Robby Snelling
sa3021078,066mo,Robert Calaz
19191,0421i,Robert Dugger
29812,05u6r,Robert Gasser
13696,02c0c,Robert Gsellman
sa3014701,05gbe,Robert Hassell
sa3014697,04n1d,Robert Puason
13594,02bq7,Robert Stephenson
30115,05r01,Robert Suarez
2900,021wh,Roberto Perez
3269,00068,Robinson Cano
3142,025j5,Robinson Chirinos
sa3019674,05gec,Roderick Arias
21987,042c1,Rodolfo Castro
35323,05gdz,Roki Sasaki
sa3020211,05u9z,Roman Anthony
13546,02brj,Roman Quinn
21562,04q0o,Romy Gonzalez
23488,04erc,Ron Marinaccio
18401,03wha,Ronald Acuna Jr.
14388,02i1a,Ronald Guzman
19407,04ydi,Ronel Blanco
23698,04fyo,Ronny Mauricio
20430,045gt,Rony Garcia
2859,000z0,Ross Detwiler
13273,02bwr,Ross Stripling
12282,026ly,Rougned Odor
14646,02hq8,Rowan Wick
15679,032gq,Rowdy Tellez
sa3009243,05wy3,Royber Salinas
20437,04aeb,Royce Lewis
29547,05tc7,Ryan Bliss
16350,02n6w,Ryan Borucki
5615,021jb,Ryan Brasier
16377,03d79,Ryan Castellani
sa3020126,05ge1,Ryan Clifford
21446,03r06,Ryan Feltner
18138,03ql5,Ryan Helsley
sa857225,043f5,Ryan Howard
24618,04pmu,Ryan Jeffers
25867,05132,Ryan Kreidler
19928,03qkw,Ryan McKenna
15112,0310n,Ryan McMahon
18373,03pjl,Ryan Mountcastle
23312,04enw,Ryan Noda
16442,03dgq,Ryan O'Hearn
26221,0512m,Ryan Pepiot
7005,02zif,Ryan Pressly
10291,02hgr,Ryan Tepera
16647,03duu,Ryan Thompson
22165,04eew,Ryan Vilade
sa3025261,06dlz,Ryan Waldschmidt
sa738172,031f7,Ryan Walker
20423,066n3,Ryan Walker
23796,04mnw,Ryan Weathers
10160,02hux,Ryan Weber
16502,0314j,Ryan Yarbrough
19891,04aja,Ryder Ryan
26253,04yid,Ryne Nelson
15947,02hhj,Ryne Stanek
29622,05rb1,Sal Frelick
sa3020130,05u9o,Sal Stewart
7304,01u75,Salvador Perez
17264,03ded,Sam Coonrod
18054,03qz9,Sam Haggerty
18548,03dbu,Sam Hentges
17954,03qs6,Sam Hilliard
22209,041tq,Sam Huff
25379,0421l,Sam Long
14874,0311r,Sam Moll
13485,02hhk,Sam Tuivailala
22274,041vt,Samad Taylor
26443,06aw2,Samuel Aldegheri
sa3015716,05rbv,Samuel Basallo
sa3015718,05rdr,Samuel Zavala
18684,03btv,Sandy Alcantara
5273,02jtq,Sandy Leon
19997,041vp,Santiago Espinal
sa3019386,0620x,Santiago Suarez
26048,0514z,Sawyer Gipson-Long
10591,02hi5,Scott Alexander
14993,02buh,Scott Barlow
18384,03qs8,Scott Effross
17975,03pjc,Scott Kingery
12056,02btq,Scott McGough
21270,04ejn,Sean Bouchard
29878,05xod,Sean Burke
1581,01cj2,Sean Doolittle
21481,04nx1,Sean Hjelle
15873,02x0f,Sean Manaea
19352,03aoy,Sean Murphy
16943,032lk,Sean Newcomb
17034,03d7a,Sean Reid-Foley
sa3023162,06ahu,Sean Sullivan
sa3025414,06cq7,Seaver King
sa3021069,0662o,Sebastian Walcott
18887,03qqd,Seby Zavala
30116,04b02,Seiya Suzuki
sa3011735,05gea,Sem Robberse
19249,04auk,Seranthony Dominguez
16417,02yh9,Sergio Alcantara
9817,005k4,Sergio Romo
20493,0414k,Seth Beer
18171,03qvr,Seth Brown
33294,06fqx,Seth Halvorsen
12447,03sef,Seth Lugo
22264,04cwf,Shane Baz
19427,041rf,Shane Bieber
10756,02hds,Shane Greene
21483,04mlt,Shane McClanahan
19453,041qm,Shaun Anderson
12857,02c47,Shawn Armstrong
27789,05jqi,Shay Whitcomb
25816,04o4s,Shea Langeliers
16542,03139,Shed Long Jr.
10197,01sbv,Shelby Miller
19635,041pu,Sheldon Neuse
31839,02xih,Shintaro Fujinami
19755,02yc4,Shohei Ohtani
19755-H,06alt,Shohei Ohtani-H
19755-P,06als,Shohei Ohtani-P
33829,05ge9,Shota Imanaga
15051,03djz,Silvino Bracho
24494,04pmp,Simeon Woods-Richardson
19680,0440n,Sixto Sanchez
17723,03qkd,Skye Bolt
27500,04tk1,Slade Cecconi
12768,0260v,Sonny Gray
29921,05y0j,Spencer Arrighetti
30226,06kvo,Spencer Bivens
sa3020000,066e6,Spencer Bramwell
26477,051ia,Spencer Horwitz
23252,04eeu,Spencer Howard
sa3019969,04yi8,Spencer Jones
13300,02mzm,Spencer Kieboom
12361,03jvx,Spencer Patton
31846,05tq1,Spencer Schwellenbach
26323,0512e,Spencer Steer
27498,05mre,Spencer Strider
27465,04yk2,Spencer Torkelson
16207,03d75,Spencer Turnbull
17489,05r9c,Spenser Watkins
4579,01oa7,Starlin Castro
9241,01s9k,Starling Marte
sa3021070,066mx,Starlyn Caba
22093,04n64,Steele Walker
13367,02i2r,Stephen Piscotty
10131,01cdo,Stephen Strasburg
5000,0221b,Stephen Vogt
sa3019999,05jsc,Sterlin Thompson
6483,023fv,Steve Cishek
15291,031d7,Steven Brault
17719,03aab,Steven Duggar
24610,04pr1,Steven Kwan
13361,02h8d,Steven Matz
13580,02myt,Steven Okert
5667,01t3g,Steven Souza Jr.
20353,04psv,Steven Wilson
sa3024627,06jh5,Stiven Martinez
19273,03dgh,Stone Garrett
20321,04eel,Stuart Fairchild
3237,02nho,T.J. McFarland
19269,041m5,T.J. Zeuch
sa3022966,06c7i,Tai Peete
11836,025dq,Taijuan Walker
22543,04pr8,Taj Bradley
30134,05y23,Tanner Bibee
19879,03djk,Tanner Houck
17610,03pp7,Tanner Rainey
8753,021xo,Tanner Roark
17586,03dfa,Tanner Scott
22267,04ptt,Tarik Skubal
17611,03qjz,Taylor Clarke
18325,02nc0,Taylor Hearn
19533,04222,Taylor Jones
12399,02c3w,Taylor Motter
13449,02n3l,Taylor Rogers
19960,041pq,Taylor Trammell
22458,04bpj,Taylor Walls
17548,03pje,Taylor Ward
19266,041x6,Taylor Widener
16233,02nbw,Tejay Antone
sa3014519,05jqh,Tekoah Roby
13066,02xic,Teoscar Hernandez
sa3020214,05rc5,Termarr Johnson
13658,02c5z,Terrance Gore
24400,04xon,Terrin Vavra
21513,04pre,Thad Ward
16426,03aay,Thairo Estrada
sa3015790,05r64,Thayron Liranzo
sa3025565,05u2m,Theo Gillen
31989,05zya,Thomas Harrington
19264,041ql,Thomas Hatch
27883,05mru,Thomas Saggese
21065,03qlb,Thomas Szapucki
sa3023268,05tp6,Thomas White
15172,03110,Tim Anderson
16814,04022,Tim Hill
15124,031dr,Tim Locastro
15042,031dd,Tim Mayza
sa3014709,05jpx,Tink Hence
sa3004048,04aov,Tirso Ornelas
19522,045gu,TJ Friedl
22191,041sz,Tobias Myers
13499,02t8m,Tom Murphy
13755,02n1i,Tomas Nido
10067,025gm,Tomas Telis
19470,041sq,Tommy Edman
26285,0512a,Tommy Henry
1157,00u82,Tommy Hunter
12371,02bvq,Tommy La Stella
7608,021ue,Tommy Milone
2967,025fx,Tommy Pham
23465,04eoc,Tommy Romero
sa3022561,05jse,Tommy Troy
35321,04b01,Tomoyuki Sugano
19388,041v6,Tony Gonsolin
14894,031b8,Tony Kemp
19926,03poq,Tony Santillan
3132,027e4,Tony Watson
11470,01vxk,Tony Wolters
16929,02yog,Touki Toussaint
sa3025129,05zde,Travis Bazzana
18395,03qk2,Travis Blankenhorn
7739,01s99,Travis d'Arnaud
15958,0310h,Travis Demeritte
13768,02j2v,Travis Jankowski
18600,03qlx,Travis Lakins
11982,02bwm,Travis Shaw
24491,04mn3,Travis Swaggerty
sa3023557,05ycl,Travis Sykora
9952,01sb1,Trayce Thompson
sa3022919,05wrt,Tre' Morgan
16252,02c68,Trea Turner
18564,03pit,Trent Grisham
17948,031k3,Trent Thornton
19977,041sn,Tres Barrera
12703,025hm,Trevor Bauer
15046,0316r,Trevor Gott
21501,04nky,Trevor Larnach
6398,01s9a,Trevor May
17722,03dau,Trevor Megill
19309,04coa,Trevor Richards
22286,04ak5,Trevor Rogers
10745,025fw,Trevor Rosenthal
19932,0421j,Trevor Stephan
12564,02bqh,Trevor Story
16977,0311b,Trevor Williams
21078,03qko,Trey Cabbage
31567,0612z,Trey Lipscomb
15149,031c4,Trey Mancini
29575,05tuw,Trey Sweeney
21584,04afk,Tristan Beck
22514,04de1,Triston Casas
18000,03pon,Triston McKenzie
sa3010899,051d0,Troy Johnston
10200,022vw,Tucker Barnhart
19871,04225,Tucker Davidson
22871,04t41,Tucupita Marcano
17982,03whq,Ty France
30140,05oqe,Ty Madden
20000,0473n,Tyler A. Wells
17735,0376h,Tyler Alexander
12880,026mq,Tyler Anderson
16981,02bq5,Tyler Beede
29949,05u2u,Tyler Black
5640,000yu,Tyler Clippard
13758,02mzd,Tyler Duffey
19481,03qlm,Tyler Ferguson
26208,05131,Tyler Fitzgerald
22532,04efc,Tyler Freeman
27784,05jqw,Tyler Gentry
17964,03qm3,Tyler Gilbert
14374,02btx,Tyler Glasnow
13897,02n1c,Tyler Heineman
26231,04naz,Tyler Holton
18297,0313t,Tyler Kinley
31396,05xu8,Tyler Locklear
16358,0312g,Tyler Mahle
10058,01iz0,Tyler Matzek
13359,02j2u,Tyler Naquin
17893,03pok,Tyler Nevin
15711,02yk4,Tyler O'Neill
20629,03qt6,Tyler Phillips
15541,0374m,Tyler Rogers
sa3020712,065uw,Tyler Schweitzer
27467,05gtn,Tyler Soderstrom
17988,03pix,Tyler Stephenson
15730,031b4,Tyler Wade
21318,04ywk,Tylor Megill
13675,02mx2,Tyrone Taylor
23899,052c7,Valente Bellozo
sa3025526,062e5,Vance Honeycutt
26031,0518n,Vaughn Grissom
15915,03aqj,Victor Arano
14968,0311f,Victor Caratini
15487,02zm9,Victor Reyes
18363,03c65,Victor Robles
31349,0648z,Victor Scott II
sa3008602,04p2p,Victor Victor Mesa
24614,04pxp,Victor Vodnik
20536,03yxd,Vidal Brujan
17684,03qok,Vimael Machin
11189,028is,Vince Velasquez
27676,05184,Vinnie Pasquantino
19611,03ojr,Vladimir Guerrero Jr.
19278,03mmw,Vladimir Gutierrez
31490,066cn,Wade Meckler
8779,01sev,Wade Miley
19374,03aac,Walker Buehler
sa3022894,05u3v,Walker Jenkins
sa3023545,066t4,Walker Martin
23667,04csx,Wander Franco
14295,047sh,Wandy Peralta
sa3021087,066mk,Welbyn Francisca
22857,04an8,Wenceel Perez
11281,02hjk,Whit Merrifield
sa3008687,052ht,Wikelman Gonzalez
19800,0423i,Wil Crowe
10047,01s9f,Wil Myers
21853,03zcx,Will Benson
25660,05165,Will Brennan
8048,01skh,Will Smith
19197,042sz,Will Smith
19769,04em6,Will Vest
29634,05yhg,Will Wagner
30182,05yaz,Will Warren
17338,03btu,Willi Castro
20503,03yrz,William Contreras
15608,02ibc,Willians Astudillo
17838,0315r,Willie Calhoun
11609,03oh0,Willson Contreras
15986,03atq,Willy Adames
14320,03c7r,Wilmer Difo
5827,01cgt,Wilmer Flores
sa3015223,05ww2,Wilmer Flores
7738,01sfv,Wily Peralta
23772,060x1,Wilyer Abreu
sa3015952,061lj,Winston Santos
sa3012630,06i08,Woo-Suk Go
33333,060pm,Wyatt Langford
13408,03eq5,Wynton Bernard
12161,025gb,Xander Bogaerts
22266,04n8z,Xavier Edwards
sa3020498,062pp,Xavier Isaac
25595,0515h,Xzavion Curry
19334,03ywd,Yadiel Hernandez
7007,000d8,Yadier Molina
23003,0524l,Yainer Diaz
16313,03kux,Yairo Munoz
sa909930,03xlb,Yaisel Sierra
9627,024o9,Yan Gomes
16578,03m6o,Yandy Diaz
sa3015648,05g3k,Yanquiel Fernandez
33838,06at1,Yariel Rodriguez
14225,02muz,Yasiel Puig
11368,01uqq,Yasmani Grandal
15068,02n7z,Yency Almonte
25911,050ok,Yennier Cano
sa3018549,06c3v,Yeremi Cabrera
17423,0414s,Yermin Mercedes
21420,05gsw,Yerry De Los Santos
29271,06agh,Yilber Diaz
12095,02z0e,Yimi Garcia
17181,03mk3,Yoan Lopez
17232,03eet,Yoan Moncada
sa3021085,066mn,Yoeilin Cespedes
19444,04ddz,Yohan Ramirez
sa3022672,05js4,Yohandy Morales
18848,03yr2,Yohel Pozo
11602,02i35,Yolmer Sanchez
15794,03mwy,Yonathan Daza
sa3015446,05uec,Yoniel Curet
16401,03zu0,Yonny Chirinos
19432,04yin,Yonny Hernandez
sa3021083,066mq,Yophery Rodriguez
19556,04355,Yordan Alvarez
sa3015476,06c28,Yordanny Monegro
27459,04b84,Yoshi Tsutsugo
33825,05r8n,Yoshinobu Yamamoto
14773,039si,Yu Chang
13074,01c5l,Yu Darvish
33826,0689r,Yuki Matsui
19198,025jv,Yuli Gurriel
sa3019278,061wi,Yu-Min Lin
20633,04ml0,Yusei Kikuchi
18905,03vuk,Yusniel Diaz
19291,041qo,Zac Gallen
20243,04ef9,Zac Lowther
27770,05gbg,Zac Veen
13183,02i4x,Zach Davies
31562,0641c,Zach Dezenzo
13774,02mwq,Zach Eflin
sa1119415,04pym,Zach Greene
19493,043x7,Zach Jackson
20231,04ejq,Zach Logue
19392,0473m,Zach McKinstry
31347,05xu5,Zach Neto
19979,041wu,Zach Plesac
19788,041va,Zach Remillard
16094,03de5,Zach Thompson
3240,01saq,Zack Britton
19181,03yug,Zack Collins
29766,05ub0,Zack Gelof
14862,0312u,Zack Godley
1943,0005k,Zack Greinke
15823,031d4,Zack Littell
19562,0420g,Zack Short
25918,04n0p,Zack Thompson
10310,01sb3,Zack Wheeler
31827,066cf,Zebby Matthews
sa3022703,06eyu,Zyhir Hope
sa3018398,05y4t,Jace Avina
sa3015813,05xnt,Gleider Figuereo
sa3022885,05yha,Mac Horvath
sa3020679,05rez,Brando Mayea
sa3017513,05rau,Kahlil Watson
26540,04ydd,Angel Martinez
sa3015137,04axv,Yoelkis Cespedes
5938,014ue,Mark Saccomanno
sa3020684,062hy,Enmanuel Bonilla
sa3015515,05110,Yiddi Cappe
sa3017169,05ray,Benny Montgomery
20349,05r1z,Zack Kelly
sa3003185,04ahd,Yunior Severino
sa3023166,05u2w,Caden Grice
sa3015178,05nsi,Wilfred Veras
sa3020255,0648f,Zach Maxwell
sa3023410,06htl,Ty Johnson
sa3018097,05ycf,Noah Cameron
sa3023889,06hip,Eduardo Herrera
sa3014677,05gd5,Luis Perales
sa3023622,06ltg,Payton Eeles
sa3023890,06ibr,Ashly Andujar
sa3015281,06m8l,Ettore Giulianelli
31883,065ns,Troy Taylor
sa3014512,05jpd,Ian Seymour
sa3020194,05tde,Dominic Keegan
29573,05y46,Billy Cook
sa3018100,05gdq,Cesar Prieto
sa3020011,0648n,Chase Meidroth
30106,05y7r,Jack Neely
sa3020882,05yma,Cole Phillips
sa3014461,05gwx,Petey Halpin
sa3022868,06f1h,Alfonsin Rosario
sa3023069,06f0p,Cooper Ingle
29779,05t9l,Max Muncy
sa3020748,05tzn,Parker Messick
sa3021728,0647m,Michael Kennedy
sa3011218,0513t,Ben Brecht
sa3010170,051eo,Blaine Crim
sa3020395,05tzo,J.R. Ritchie
26259,0519h,Hunter Bigge
sa3021196,06awf,Luis Merejo
25483,0519f,Nick Sogard
sa3025409,062k7,Griff O'Ferrall
sa3007599,05l1p,Luarbert Arias
sa3005511,05a1t,Jorbit Vivas
25582,051c5,Brady Basso
sa3020560,064ny,Zach Agnos
sa3022926,06ew0,Carson Rucker
30249,06luc,Jack Dreyer
sa3025249,06cgg,Billy Amick
sa3011820,05llt,Emmanuel Rodriguez
23363,04enz,Robert Garcia
25690,0512r,Grant McCray
sa3020577,066al,Otto Kemp
25139,061jc,Tim Herrin
18123,03qmr,Nathan Lukes
23788,04pkp,Jordyn Adams
21626,04mn2,Griffin Conine
21646,0403l,Rafael Marchan
25979,04ya4,Nasim Nunez
27464,05gx4,Dillon Dingler
sa3021076,066mw,Rayner Arias
sa3016264,05xzr,Jedixson Paez
27735,051br,Brett Wisely
27889,04pkt,J.T. Ginn
sa3020661,05ubl,Gabriel Hughes
sa3018632,06249,Marco Vargas
sa3023364,06hnp,Bryce Warrecker
sa3018497,0638j,Enmanuel Tejeda
sa3021738,066m6,Jeter Martinez
13652,02btg,Tayler Scott
sa3018565,061v7,Echedry Vargas
sa3017212,05xsu,Kevin Kendall
sa3020884,066me,Luis Guanipa
sa3018242,05tcb,Frank Mozzicato
sa3066458,06qhe,Diego Tornes
24017,062ob,Jose Ferrer
sa3066822,06mnk,Tyson Lewis
19996,041vm,Dylan Lee
sa3023885,06hyr,Daiber De Los Santos
sa3043900,06gwk,Payton Tolle
24862,04q5s,Ryan Fernandez
sa3025360,06hx4,Kaelen Culpepper
sa3029687,06l3m,Bryce Cunningham
sa3022817,05u2o,George Wolkow
sa3017374,05rcd,Joe Mack
sa3037366,06mwh,Aiden May
sa3027632,05ybz,Brody Brecht
26353,051du,Marc Church
11384,02ccf,Tommy Kahnle
sa3033725,066iq,Ben Hess
sa3066664,06hf3,Levi Sterling
sa3063134,06fzu,Kazuma Okamoto
sa3041559,060ue,Jonathan Santucci
sa3066593,06ps4,Cris Rodriguez
19646,0422c,Kyle Hart
sa3022664,06h1y,Bryson Hammer
sa1169610,04y9i,Tyler Callihan
12005,02bvk,Nick Martini
sa3016966,05xou,Cooper Bowman
22690,04n1l,Jack O'Loughlin
sa3018178,05y5l,Franco Aleman
29571,05y4m,Tim Tawa
sa3022602,0603l,RJ Schreck
sa3022739,06ew1,Skylar Hales
sa3023925,06k81,Yairo Padilla
sa3025115,06jbn,Humberto Cruz
sa3023894,06ica,Joswa Lugo
31687,06dqb,Shane Smith
sa3029417,066kw,Chris Cortez
25311,05ss9,Roddery Munoz
sa3066034,06qxj,Koyo Aoyagi
sa3025199,06328,PJ Morlando
sa3025359,06k7q,Cole Messina
sa3042374,066ip,Mike Sirota
sa3028086,05rb3,Chase Burns
sa3045705,06apx,Trey Yesavage
sa3018841,064zm,Didier Fuentes
sa3022876,06cn1,Chen-Wei Lin
sa3030418,06nug,Nate Dohm
sa3025383,05tp7,Tommy White
sa3065496,05u3u,Konnor Griffin
sa3058454,06l54,Shinnosuke Ogasawara
sa3066592,05yai,Bryce Rainer
sa3020336,066a6,Braden Nett
sa3038253,05rcg,Braden Montgomery
sa3020622,0630h,Mason Barnett
sa3028930,060m8,Jurrangelo Cijntje
sa3066460,06agr,Slade Caldwell
35325,05zq4,Ryan Johnson
sa3066859,066j0,JD Dix
sa3067042,06kxe,Kellon Lindsey
sa3067070,06mnh,Dasan Hill
sa3067069,06mnf,Bryce Meccage
sa3067030,06kk6,Braylon Doughty
sa3067045,06psm,Andrew Salas
25890,06mi0,Bryan King
sa3023726,06icj,Yolfran Castillo
25477,0516n,Isaac Collins
sa3015705,05r96,Victor Acosta
sa3015331,05iym,Jose Acuna
sa3007973,04n1p,Will Banfield
22175,0429r,Max Kranick
30113,05yb8,Chad Patrick
21574,04afl,Brendon Little
26202,05135,Jake Mangum
26171,0516q,Connor Gillispie
27688,0512u,Jack Kochanowicz
26058,051am,Easton Lucas
sa3008929,05uy6,Jorge Burgos
sa3008929,0568a,Max Acosta
28253,062ho,Javier Sanoja
sa3025381,062jb,Blake Burke
19722,048tn,Carlos Narvaez
26440,0518s,Ryan Gusto
25040,04q26,Vinny Capra
31261,06lqo,Chris Roycroft
sa3017045,05rfv,Wes Clarke
sa3067104,06lp4,Kash Mayfield
sa3067131,06ier,Ryan Sloan
sa3025408,06col,Austin Overn
sa3014926,05r3a,Brandon Young
24763,04q08,Kyle Leahy
27694,066n1,Justin Sterner
27572,05a29,Carmen Mlodzinski
sa3043049,06nub,Khal Stephan
sa3023426,06gjt,Nelly Taylor
